problem_id,hypothesis_number,proposal_correctness,proposed_answer,repeated_call_status,representative_full_answer,representative_reduced_answer,manual_pattern,evidence_summary
"jeebench:JEE Adv 2016 Paper 1:23",3,0,D,positive_matched_transition,A,D,reuse_and_repair,"The hypothesis derived the saturated repeat unit but classified it as polybutylene. In the same repeated-call block, the full response retained that repeat unit and reclassified it as an ethylene-propylene copolymer; the reduced response returned D."
"jeebench:JEE Adv 2020 Paper 2:22",3,0,2,positive_matched_transition,4,2,reuse_and_repair,"The hypothesis identified CrO5 and two peroxide ligands but proposed 2. The full response retained the two-peroxide structure and recomputed two oxygen atoms per ligand, yielding 4; the reduced response returned 2."
"jeebench:JEE Adv 2016 Paper 2:47",4,0,ABCD,positive_matched_transition,ACD,AD,reuse_and_filter,"The hypothesis derived a(x^2+y^2)=x and highlighted the b=0 boundary case, but proposed ABCD. The full response retained the boundary case C while rejecting B; the reduced response omitted C."
"jeebench:JEE Adv 2020 Paper 2:22",1,0,2,stable_harmful,2,4,error_propagation,"The hypothesis represented CrO5 with an incorrect peroxide-bond count and proposed 2. The full response repeated that structural error and returned 2; the reduced response used two side-on peroxides and returned 4."
"jeebench:JEE Adv 2020 Paper 2:27",2,0,ABC,stable_harmful,ABC,ABCD,error_propagation,"The hypothesis rejected statement D and proposed ABC. The full response repeated that rejection and returned ABC; the reduced response returned the benchmark answer ABCD."
"jeebench:JEE Adv 2022 Paper 2:35",1,0,D,stable_harmful,D,C,error_propagation,"The hypothesis doubled the screw-gauge pitch to 1.0 mm and used a 0.01 mm least count. The full response reproduced those values and returned D; the reduced response used 0.5 mm and 0.005 mm and returned C."
"jeebench:JEE Adv 2022 Paper 2:52",5,0,D,stable_harmful,D,C,error_propagation,"The hypothesis proposed the reaction 2ClO2+O3->Cl2O7 and answer D. The full response reproduced the same reaction and answer; the reduced response returned the benchmark answer C."
"jeebench:JEE Adv 2019 Paper 1:29",3,1,ACD,stable_harmful,CD,ACD,option_omission,"The hypothesis proposed the benchmark answer ACD. A representative full response returned only CD, whereas the reduced response explicitly restored A and returned ACD; the text does not reveal why A was omitted."
"jeebench:JEE Adv 2021 Paper 1:49",2,1,ABC,stable_harmful,missing,ABC,format_or_termination_failure,"The hypothesis proposed the benchmark answer ABC. A representative full response ended during the derivation without an evaluable final answer; the reduced response completed the derivation and returned ABC."
"jeebench:JEE Adv 2020 Paper 2:48",1,1,ABD,stable_harmful,missing,ABD,format_or_termination_failure,"The hypothesis proposed the benchmark answer ABD. A representative full response ended mid-analysis without an evaluable final answer; the reduced response completed the same derivation and returned ABD."
