benchmark,problem_id,hypothesis_index,proposal_correctness,reference_trajectory_value,sensitivity_trajectory_value,trajectory_value_delta,reference_sign,sensitivity_sign,reference_category,sensitivity_category,reference_replicates,sensitivity_replicates
omni_16k,p_ae41e22007032823,0,1,0.0,0.0,0.0,0,0,correct_neutral,correct_neutral,5,3
omni_16k,p_ae41e22007032823,1,0,0.0,0.0,0.0,0,0,wrong_neutral,wrong_neutral,5,3
omni_16k,p_ae41e22007032823,2,1,0.0,0.0,0.0,0,0,correct_neutral,correct_neutral,5,3
omni_16k,p_ae41e22007032823,3,1,0.0,0.0,0.0,0,0,correct_neutral,correct_neutral,5,3
omni_16k,p_ae41e22007032823,4,1,0.0,0.0,0.0,0,0,correct_neutral,correct_neutral,5,3
omni_16k,p_e6818132e2a707a0,0,0,0.0,0.0,0.0,0,0,wrong_neutral,wrong_neutral,5,3
omni_16k,p_e6818132e2a707a0,1,0,0.0,0.0,0.0,0,0,wrong_neutral,wrong_neutral,5,3
omni_16k,p_e6818132e2a707a0,2,0,0.0,0.0,0.0,0,0,wrong_neutral,wrong_neutral,5,3
omni_16k,p_e6818132e2a707a0,3,0,0.0,0.0,0.0,0,0,wrong_neutral,wrong_neutral,5,3
omni_16k,p_e6818132e2a707a0,4,1,0.0,0.0,0.0,0,0,correct_neutral,correct_neutral,5,3
omni_16k,p_488865b410a5902c,0,1,0.0,0.0,0.0,0,0,correct_neutral,correct_neutral,5,3
omni_16k,p_488865b410a5902c,1,1,0.0,0.0,0.0,0,0,correct_neutral,correct_neutral,5,3
omni_16k,p_488865b410a5902c,2,1,0.0,0.0,0.0,0,0,correct_neutral,correct_neutral,5,3
omni_16k,p_488865b410a5902c,3,1,0.0,0.0,0.0,0,0,correct_neutral,correct_neutral,5,3
omni_16k,p_488865b410a5902c,4,1,0.0,0.0,0.0,0,0,correct_neutral,correct_neutral,5,3
omni_16k,p_52c1cfde6d6ab156,0,1,0.0,0.0,0.0,0,0,correct_neutral,correct_neutral,5,3
omni_16k,p_52c1cfde6d6ab156,1,1,0.0,0.0,0.0,0,0,correct_neutral,correct_neutral,5,3
omni_16k,p_52c1cfde6d6ab156,2,1,0.0,0.0,0.0,0,0,correct_neutral,correct_neutral,5,3
omni_16k,p_52c1cfde6d6ab156,3,1,0.0,0.0,0.0,0,0,correct_neutral,correct_neutral,5,3
omni_16k,p_52c1cfde6d6ab156,4,1,0.0,0.0,0.0,0,0,correct_neutral,correct_neutral,5,3
omni_16k,p_635346a3f8facec4,0,1,0.0,0.0,0.0,0,0,correct_neutral,correct_neutral,5,3
omni_16k,p_635346a3f8facec4,1,0,0.0,0.0,0.0,0,0,wrong_neutral,wrong_neutral,5,3
omni_16k,p_635346a3f8facec4,2,0,0.0,0.0,0.0,0,0,wrong_neutral,wrong_neutral,5,3
omni_16k,p_635346a3f8facec4,3,1,0.0,0.0,0.0,0,0,correct_neutral,correct_neutral,5,3
omni_16k,p_635346a3f8facec4,4,0,0.0,0.0,0.0,0,0,wrong_neutral,wrong_neutral,5,3
omni_16k,p_72b466560dbe6698,0,1,0.0,0.0,0.0,0,0,correct_neutral,correct_neutral,5,3
omni_16k,p_72b466560dbe6698,1,1,0.0,0.0,0.0,0,0,correct_neutral,correct_neutral,5,3
omni_16k,p_72b466560dbe6698,2,1,0.0,0.0,0.0,0,0,correct_neutral,correct_neutral,5,3
omni_16k,p_72b466560dbe6698,3,1,0.0,0.0,0.0,0,0,correct_neutral,correct_neutral,5,3
omni_16k,p_72b466560dbe6698,4,1,0.0,0.0,0.0,0,0,correct_neutral,correct_neutral,5,3
omni_16k,p_94d797f69fb3cbf8,0,1,0.0,0.0,0.0,0,0,correct_neutral,correct_neutral,5,3
omni_16k,p_94d797f69fb3cbf8,1,1,0.0,0.0,0.0,0,0,correct_neutral,correct_neutral,5,3
omni_16k,p_94d797f69fb3cbf8,2,1,0.0,0.0,0.0,0,0,correct_neutral,correct_neutral,5,3
omni_16k,p_94d797f69fb3cbf8,3,1,0.0,0.0,0.0,0,0,correct_neutral,correct_neutral,5,3
omni_16k,p_94d797f69fb3cbf8,4,1,0.0,0.0,0.0,0,0,correct_neutral,correct_neutral,5,3
omni_16k,p_3481c68c7eb11bd0,0,0,0.0,0.0,0.0,0,0,wrong_neutral,wrong_neutral,5,3
omni_16k,p_3481c68c7eb11bd0,1,0,0.0,0.0,0.0,0,0,wrong_neutral,wrong_neutral,5,3
omni_16k,p_3481c68c7eb11bd0,2,0,0.0,0.0,0.0,0,0,wrong_neutral,wrong_neutral,5,3
omni_16k,p_3481c68c7eb11bd0,3,0,0.0,0.0,0.0,0,0,wrong_neutral,wrong_neutral,5,3
omni_16k,p_3481c68c7eb11bd0,4,0,0.0,0.0,0.0,0,0,wrong_neutral,wrong_neutral,5,3
omni_16k,p_90716595c086430b,0,1,0.0,0.0,0.0,0,0,correct_neutral,correct_neutral,5,3
omni_16k,p_90716595c086430b,1,1,0.0,0.0,0.0,0,0,correct_neutral,correct_neutral,5,3
omni_16k,p_90716595c086430b,2,1,0.0,0.0,0.0,0,0,correct_neutral,correct_neutral,5,3
omni_16k,p_90716595c086430b,3,1,0.0,0.0,0.0,0,0,correct_neutral,correct_neutral,5,3
omni_16k,p_90716595c086430b,4,1,0.0,0.0,0.0,0,0,correct_neutral,correct_neutral,5,3
omni_16k,p_a10cf2fd42d78147,0,0,0.0,0.0,0.0,0,0,wrong_neutral,wrong_neutral,5,3
omni_16k,p_a10cf2fd42d78147,1,0,0.0,0.0,0.0,0,0,wrong_neutral,wrong_neutral,5,3
omni_16k,p_a10cf2fd42d78147,2,0,0.0,0.0,0.0,0,0,wrong_neutral,wrong_neutral,5,3
omni_16k,p_a10cf2fd42d78147,3,0,0.0,0.0,0.0,0,0,wrong_neutral,wrong_neutral,5,3
omni_16k,p_a10cf2fd42d78147,4,0,0.0,0.0,0.0,0,0,wrong_neutral,wrong_neutral,5,3
omni_16k,p_02473396cfc13c24,0,1,0.0,0.0,0.0,0,0,correct_neutral,correct_neutral,5,3
omni_16k,p_02473396cfc13c24,1,1,0.0,0.0,0.0,0,0,correct_neutral,correct_neutral,5,3
omni_16k,p_02473396cfc13c24,2,1,0.0,0.0,0.0,0,0,correct_neutral,correct_neutral,5,3
omni_16k,p_02473396cfc13c24,3,1,0.0,0.0,0.0,0,0,correct_neutral,correct_neutral,5,3
omni_16k,p_02473396cfc13c24,4,1,0.0,0.0,0.0,0,0,correct_neutral,correct_neutral,5,3
omni_16k,p_ff0938c8a5ea7a85,0,0,0.0,0.0,0.0,0,0,wrong_neutral,wrong_neutral,5,3
omni_16k,p_ff0938c8a5ea7a85,1,1,0.0,0.0,0.0,0,0,correct_neutral,correct_neutral,5,3
omni_16k,p_ff0938c8a5ea7a85,2,0,0.0,0.0,0.0,0,0,wrong_neutral,wrong_neutral,5,3
omni_16k,p_ff0938c8a5ea7a85,3,0,0.0,0.0,0.0,0,0,wrong_neutral,wrong_neutral,5,3
omni_16k,p_ff0938c8a5ea7a85,4,0,0.0,0.0,0.0,0,0,wrong_neutral,wrong_neutral,5,3
omni_16k,p_454fe6b1876a1d73,0,0,0.0,0.0,0.0,0,0,wrong_neutral,wrong_neutral,5,3
omni_16k,p_454fe6b1876a1d73,1,0,0.0,0.0,0.0,0,0,wrong_neutral,wrong_neutral,5,3
omni_16k,p_454fe6b1876a1d73,2,0,0.0,0.0,0.0,0,0,wrong_neutral,wrong_neutral,5,3
omni_16k,p_454fe6b1876a1d73,3,0,0.0,0.0,0.0,0,0,wrong_neutral,wrong_neutral,5,3
omni_16k,p_454fe6b1876a1d73,4,0,0.0,0.0,0.0,0,0,wrong_neutral,wrong_neutral,5,3
omni_16k,p_4094679734ca73c9,0,0,-1.0,0.16666667,1.16666667,-1,1,wrong_harmful,wrong_helpful,5,3
omni_16k,p_4094679734ca73c9,1,0,0.0,0.16666667,0.16666667,0,1,wrong_neutral,wrong_helpful,5,3
omni_16k,p_4094679734ca73c9,2,0,0.0,0.16666667,0.16666667,0,1,wrong_neutral,wrong_helpful,5,3
omni_16k,p_4094679734ca73c9,3,0,0.0,-0.16666667,-0.16666667,0,-1,wrong_neutral,wrong_harmful,5,3
omni_16k,p_4094679734ca73c9,4,0,-0.2,0.16666667,0.36666667,-1,1,wrong_harmful,wrong_helpful,5,3
omni_16k,p_7f1499971679d683,0,0,0.0,-0.33333333,-0.33333333,0,-1,wrong_neutral,wrong_harmful,5,3
omni_16k,p_7f1499971679d683,1,0,0.0,-0.33333333,-0.33333333,0,-1,wrong_neutral,wrong_harmful,5,3
omni_16k,p_7f1499971679d683,2,0,0.0,-0.33333333,-0.33333333,0,-1,wrong_neutral,wrong_harmful,5,3
omni_16k,p_7f1499971679d683,3,0,0.2,0.0,-0.2,1,0,wrong_helpful,wrong_neutral,5,3
omni_16k,p_7f1499971679d683,4,0,0.0,-0.33333333,-0.33333333,0,-1,wrong_neutral,wrong_harmful,5,3
omni_16k,p_117a1ef4475dec48,0,0,0.0,0.0,0.0,0,0,wrong_neutral,wrong_neutral,5,3
omni_16k,p_117a1ef4475dec48,1,0,0.0,0.0,0.0,0,0,wrong_neutral,wrong_neutral,5,3
omni_16k,p_117a1ef4475dec48,2,0,0.0,0.0,0.0,0,0,wrong_neutral,wrong_neutral,5,3
omni_16k,p_117a1ef4475dec48,3,0,0.0,0.0,0.0,0,0,wrong_neutral,wrong_neutral,5,3
omni_16k,p_117a1ef4475dec48,4,0,0.0,0.0,0.0,0,0,wrong_neutral,wrong_neutral,5,3
omni_16k,p_bd720dd2d821e436,0,0,0.0,0.0,0.0,0,0,wrong_neutral,wrong_neutral,5,3
omni_16k,p_bd720dd2d821e436,1,0,0.0,0.0,0.0,0,0,wrong_neutral,wrong_neutral,5,3
omni_16k,p_bd720dd2d821e436,2,0,0.0,0.0,0.0,0,0,wrong_neutral,wrong_neutral,5,3
omni_16k,p_bd720dd2d821e436,3,0,0.0,0.0,0.0,0,0,wrong_neutral,wrong_neutral,5,3
omni_16k,p_bd720dd2d821e436,4,0,0.0,0.0,0.0,0,0,wrong_neutral,wrong_neutral,5,3
omni_16k,p_a7157444b65b0996,0,0,-0.1,0.5,0.6,-1,1,wrong_harmful,wrong_helpful,5,3
omni_16k,p_a7157444b65b0996,1,0,0.9,-0.16666667,-1.06666667,1,-1,wrong_helpful,wrong_harmful,5,3
omni_16k,p_a7157444b65b0996,2,0,0.9,-0.5,-1.4,1,-1,wrong_helpful,wrong_harmful,5,3
omni_16k,p_a7157444b65b0996,3,0,0.3,0.5,0.2,1,1,wrong_helpful,wrong_helpful,5,3
omni_16k,p_a7157444b65b0996,4,0,-0.1,-0.5,-0.4,-1,-1,wrong_harmful,wrong_harmful,5,3
omni_16k,p_cc8eb3d99ead5969,0,0,0.0,0.0,0.0,0,0,wrong_neutral,wrong_neutral,5,3
omni_16k,p_cc8eb3d99ead5969,1,0,0.0,0.0,0.0,0,0,wrong_neutral,wrong_neutral,5,3
omni_16k,p_cc8eb3d99ead5969,2,0,0.0,0.0,0.0,0,0,wrong_neutral,wrong_neutral,5,3
omni_16k,p_cc8eb3d99ead5969,3,1,1.0,1.0,0.0,1,1,correct_helpful,correct_helpful,5,3
omni_16k,p_cc8eb3d99ead5969,4,0,0.0,0.0,0.0,0,0,wrong_neutral,wrong_neutral,5,3
omni_16k,p_50ca4d972e9a01cb,0,0,0.0,0.0,0.0,0,0,wrong_neutral,wrong_neutral,5,3
omni_16k,p_50ca4d972e9a01cb,1,0,0.0,0.0,0.0,0,0,wrong_neutral,wrong_neutral,5,3
omni_16k,p_50ca4d972e9a01cb,2,0,0.0,0.0,0.0,0,0,wrong_neutral,wrong_neutral,5,3
omni_16k,p_50ca4d972e9a01cb,3,0,0.0,0.0,0.0,0,0,wrong_neutral,wrong_neutral,5,3
omni_16k,p_50ca4d972e9a01cb,4,0,0.0,0.0,0.0,0,0,wrong_neutral,wrong_neutral,5,3
jeebench,p_3a15d319fac5c07b,0,1,0.0,0.0,0.0,0,0,correct_neutral,correct_neutral,5,3
jeebench,p_3a15d319fac5c07b,1,0,0.0,0.0,0.0,0,0,wrong_neutral,wrong_neutral,5,3
jeebench,p_3a15d319fac5c07b,2,0,0.0,0.0,0.0,0,0,wrong_neutral,wrong_neutral,5,3
jeebench,p_3a15d319fac5c07b,3,0,0.0,0.0,0.0,0,0,wrong_neutral,wrong_neutral,5,3
jeebench,p_3a15d319fac5c07b,4,0,0.0,0.0,0.0,0,0,wrong_neutral,wrong_neutral,5,3
jeebench,p_b82aecab84bbf2bd,0,1,0.0,0.0,0.0,0,0,correct_neutral,correct_neutral,5,3
jeebench,p_b82aecab84bbf2bd,1,1,0.0,0.0,0.0,0,0,correct_neutral,correct_neutral,5,3
jeebench,p_b82aecab84bbf2bd,2,0,0.0,0.0,0.0,0,0,wrong_neutral,wrong_neutral,5,3
jeebench,p_b82aecab84bbf2bd,3,0,0.0,0.0,0.0,0,0,wrong_neutral,wrong_neutral,5,3
jeebench,p_b82aecab84bbf2bd,4,0,0.0,0.0,0.0,0,0,wrong_neutral,wrong_neutral,5,3
jeebench,p_a9555c87b76e66ab,0,0,0.0,0.0,0.0,0,0,wrong_neutral,wrong_neutral,5,3
jeebench,p_a9555c87b76e66ab,1,0,0.0,0.0,0.0,0,0,wrong_neutral,wrong_neutral,5,3
jeebench,p_a9555c87b76e66ab,2,0,0.0,0.0,0.0,0,0,wrong_neutral,wrong_neutral,5,3
jeebench,p_a9555c87b76e66ab,3,0,0.0,0.0,0.0,0,0,wrong_neutral,wrong_neutral,5,3
jeebench,p_a9555c87b76e66ab,4,0,0.0,0.0,0.0,0,0,wrong_neutral,wrong_neutral,5,3
jeebench,p_f7312e11b9e37f95,0,0,0.0,0.0,0.0,0,0,wrong_neutral,wrong_neutral,5,3
jeebench,p_f7312e11b9e37f95,1,0,0.0,0.0,0.0,0,0,wrong_neutral,wrong_neutral,5,3
jeebench,p_f7312e11b9e37f95,2,0,0.0,0.0,0.0,0,0,wrong_neutral,wrong_neutral,5,3
jeebench,p_f7312e11b9e37f95,3,0,0.0,0.0,0.0,0,0,wrong_neutral,wrong_neutral,5,3
jeebench,p_f7312e11b9e37f95,4,0,0.0,0.0,0.0,0,0,wrong_neutral,wrong_neutral,5,3
jeebench,p_4a86e2ab591c19d1,0,0,0.0,0.0,0.0,0,0,wrong_neutral,wrong_neutral,5,3
jeebench,p_4a86e2ab591c19d1,1,1,0.0,0.0,0.0,0,0,correct_neutral,correct_neutral,5,3
jeebench,p_4a86e2ab591c19d1,2,1,0.0,0.0,0.0,0,0,correct_neutral,correct_neutral,5,3
jeebench,p_4a86e2ab591c19d1,3,0,0.0,0.0,0.0,0,0,wrong_neutral,wrong_neutral,5,3
jeebench,p_4a86e2ab591c19d1,4,0,0.0,0.0,0.0,0,0,wrong_neutral,wrong_neutral,5,3
jeebench,p_a661404b2763d97f,0,1,0.0,0.0,0.0,0,0,correct_neutral,correct_neutral,5,3
jeebench,p_a661404b2763d97f,1,0,0.0,0.0,0.0,0,0,wrong_neutral,wrong_neutral,5,3
jeebench,p_a661404b2763d97f,2,0,0.0,0.0,0.0,0,0,wrong_neutral,wrong_neutral,5,3
jeebench,p_a661404b2763d97f,3,0,0.0,0.0,0.0,0,0,wrong_neutral,wrong_neutral,5,3
jeebench,p_a661404b2763d97f,4,0,0.0,0.0,0.0,0,0,wrong_neutral,wrong_neutral,5,3
jeebench,p_37fb7cc72c0866bc,0,0,0.0,0.0,0.0,0,0,wrong_neutral,wrong_neutral,5,3
jeebench,p_37fb7cc72c0866bc,1,1,0.0,0.0,0.0,0,0,correct_neutral,correct_neutral,5,3
jeebench,p_37fb7cc72c0866bc,2,1,0.0,0.0,0.0,0,0,correct_neutral,correct_neutral,5,3
jeebench,p_37fb7cc72c0866bc,3,0,0.0,0.0,0.0,0,0,wrong_neutral,wrong_neutral,5,3
jeebench,p_37fb7cc72c0866bc,4,1,0.0,0.0,0.0,0,0,correct_neutral,correct_neutral,5,3
jeebench,p_525811fb1039fd8d,0,0,0.0,0.0,0.0,0,0,wrong_neutral,wrong_neutral,5,3
jeebench,p_525811fb1039fd8d,1,1,0.0,0.0,0.0,0,0,correct_neutral,correct_neutral,5,3
jeebench,p_525811fb1039fd8d,2,1,0.0,0.0,0.0,0,0,correct_neutral,correct_neutral,5,3
jeebench,p_525811fb1039fd8d,3,0,0.0,0.0,0.0,0,0,wrong_neutral,wrong_neutral,5,3
jeebench,p_525811fb1039fd8d,4,0,0.0,0.0,0.0,0,0,wrong_neutral,wrong_neutral,5,3
jeebench,p_ccc1488ba4368137,0,0,0.0,0.0,0.0,0,0,wrong_neutral,wrong_neutral,5,3
jeebench,p_ccc1488ba4368137,1,0,0.0,0.0,0.0,0,0,wrong_neutral,wrong_neutral,5,3
jeebench,p_ccc1488ba4368137,2,1,0.0,0.0,0.0,0,0,correct_neutral,correct_neutral,5,3
jeebench,p_ccc1488ba4368137,3,0,0.0,0.0,0.0,0,0,wrong_neutral,wrong_neutral,5,3
jeebench,p_ccc1488ba4368137,4,0,0.0,0.0,0.0,0,0,wrong_neutral,wrong_neutral,5,3
jeebench,p_06840bf271ded292,0,1,0.0,0.0,0.0,0,0,correct_neutral,correct_neutral,5,3
jeebench,p_06840bf271ded292,1,1,0.0,0.0,0.0,0,0,correct_neutral,correct_neutral,5,3
jeebench,p_06840bf271ded292,2,1,0.0,0.0,0.0,0,0,correct_neutral,correct_neutral,5,3
jeebench,p_06840bf271ded292,3,1,0.0,0.0,0.0,0,0,correct_neutral,correct_neutral,5,3
jeebench,p_06840bf271ded292,4,1,0.0,0.0,0.0,0,0,correct_neutral,correct_neutral,5,3
jeebench,p_b1df032fcb3e40b0,0,0,0.0,0.0,0.0,0,0,wrong_neutral,wrong_neutral,5,3
jeebench,p_b1df032fcb3e40b0,1,0,0.0,0.0,0.0,0,0,wrong_neutral,wrong_neutral,5,3
jeebench,p_b1df032fcb3e40b0,2,0,0.0,0.0,0.0,0,0,wrong_neutral,wrong_neutral,5,3
jeebench,p_b1df032fcb3e40b0,3,0,0.0,0.0,0.0,0,0,wrong_neutral,wrong_neutral,5,3
jeebench,p_b1df032fcb3e40b0,4,0,0.0,0.0,0.0,0,0,wrong_neutral,wrong_neutral,5,3
jeebench,p_fdbd3bc386b45677,0,0,0.0,0.0,0.0,0,0,wrong_neutral,wrong_neutral,5,3
jeebench,p_fdbd3bc386b45677,1,0,0.0,0.0,0.0,0,0,wrong_neutral,wrong_neutral,5,3
jeebench,p_fdbd3bc386b45677,2,0,0.0,0.0,0.0,0,0,wrong_neutral,wrong_neutral,5,3
jeebench,p_fdbd3bc386b45677,3,0,0.0,0.0,0.0,0,0,wrong_neutral,wrong_neutral,5,3
jeebench,p_fdbd3bc386b45677,4,0,-1.0,-1.0,0.0,-1,-1,wrong_harmful,wrong_harmful,5,3
jeebench,p_cf659c6aa40cc1fa,0,1,0.0,0.0,0.0,0,0,correct_neutral,correct_neutral,5,3
jeebench,p_cf659c6aa40cc1fa,1,1,0.0,0.0,0.0,0,0,correct_neutral,correct_neutral,5,3
jeebench,p_cf659c6aa40cc1fa,2,1,0.0,0.0,0.0,0,0,correct_neutral,correct_neutral,5,3
jeebench,p_cf659c6aa40cc1fa,3,1,0.0,0.0,0.0,0,0,correct_neutral,correct_neutral,5,3
jeebench,p_cf659c6aa40cc1fa,4,1,0.0,0.0,0.0,0,0,correct_neutral,correct_neutral,5,3
jeebench,p_3f158241f68ef5e7,0,0,0.0,0.0,0.0,0,0,wrong_neutral,wrong_neutral,5,3
jeebench,p_3f158241f68ef5e7,1,0,0.0,0.0,0.0,0,0,wrong_neutral,wrong_neutral,5,3
jeebench,p_3f158241f68ef5e7,2,0,0.0,0.0,0.0,0,0,wrong_neutral,wrong_neutral,5,3
jeebench,p_3f158241f68ef5e7,3,0,0.0,0.0,0.0,0,0,wrong_neutral,wrong_neutral,5,3
jeebench,p_3f158241f68ef5e7,4,0,0.0,0.0,0.0,0,0,wrong_neutral,wrong_neutral,5,3
jeebench,p_342623ba0584de9c,0,0,0.0,0.0,0.0,0,0,wrong_neutral,wrong_neutral,5,3
jeebench,p_342623ba0584de9c,1,0,0.0,0.0,0.0,0,0,wrong_neutral,wrong_neutral,5,3
jeebench,p_342623ba0584de9c,2,0,0.0,0.0,0.0,0,0,wrong_neutral,wrong_neutral,5,3
jeebench,p_342623ba0584de9c,3,0,0.0,0.0,0.0,0,0,wrong_neutral,wrong_neutral,5,3
jeebench,p_342623ba0584de9c,4,0,0.0,0.0,0.0,0,0,wrong_neutral,wrong_neutral,5,3
jeebench,p_28d7c84627a0e1a4,0,0,0.0,0.0,0.0,0,0,wrong_neutral,wrong_neutral,5,3
jeebench,p_28d7c84627a0e1a4,1,0,0.0,0.0,0.0,0,0,wrong_neutral,wrong_neutral,5,3
jeebench,p_28d7c84627a0e1a4,2,0,0.0,0.0,0.0,0,0,wrong_neutral,wrong_neutral,5,3
jeebench,p_28d7c84627a0e1a4,3,0,0.0,0.0,0.0,0,0,wrong_neutral,wrong_neutral,5,3
jeebench,p_28d7c84627a0e1a4,4,0,0.0,0.0,0.0,0,0,wrong_neutral,wrong_neutral,5,3
jeebench,p_8c4061c00029e642,0,0,0.0,0.0,0.0,0,0,wrong_neutral,wrong_neutral,5,3
jeebench,p_8c4061c00029e642,1,0,0.0,0.0,0.0,0,0,wrong_neutral,wrong_neutral,5,3
jeebench,p_8c4061c00029e642,2,0,0.0,0.0,0.0,0,0,wrong_neutral,wrong_neutral,5,3
jeebench,p_8c4061c00029e642,3,0,0.0,0.0,0.0,0,0,wrong_neutral,wrong_neutral,5,3
jeebench,p_8c4061c00029e642,4,0,0.0,0.0,0.0,0,0,wrong_neutral,wrong_neutral,5,3
jeebench,p_bf3a643e5f26c091,0,0,0.0,0.0,0.0,0,0,wrong_neutral,wrong_neutral,5,3
jeebench,p_bf3a643e5f26c091,1,1,0.0,0.0,0.0,0,0,correct_neutral,correct_neutral,5,3
jeebench,p_bf3a643e5f26c091,2,0,0.0,0.0,0.0,0,0,wrong_neutral,wrong_neutral,5,3
jeebench,p_bf3a643e5f26c091,3,1,0.0,0.0,0.0,0,0,correct_neutral,correct_neutral,5,3
jeebench,p_bf3a643e5f26c091,4,0,0.0,0.0,0.0,0,0,wrong_neutral,wrong_neutral,5,3
jeebench,p_0107565ddef326be,0,0,0.0,0.0,0.0,0,0,wrong_neutral,wrong_neutral,5,3
jeebench,p_0107565ddef326be,1,1,0.0,0.0,0.0,0,0,correct_neutral,correct_neutral,5,3
jeebench,p_0107565ddef326be,2,0,0.0,0.0,0.0,0,0,wrong_neutral,wrong_neutral,5,3
jeebench,p_0107565ddef326be,3,0,0.0,0.0,0.0,0,0,wrong_neutral,wrong_neutral,5,3
jeebench,p_0107565ddef326be,4,1,0.0,0.0,0.0,0,0,correct_neutral,correct_neutral,5,3
jeebench,p_98f7db05b6192e70,0,0,0.0,0.0,0.0,0,0,wrong_neutral,wrong_neutral,5,3
jeebench,p_98f7db05b6192e70,1,0,0.0,0.0,0.0,0,0,wrong_neutral,wrong_neutral,5,3
jeebench,p_98f7db05b6192e70,2,0,0.0,0.0,0.0,0,0,wrong_neutral,wrong_neutral,5,3
jeebench,p_98f7db05b6192e70,3,0,0.0,0.0,0.0,0,0,wrong_neutral,wrong_neutral,5,3
jeebench,p_98f7db05b6192e70,4,0,0.0,0.0,0.0,0,0,wrong_neutral,wrong_neutral,5,3
scibench,p_deda9b3767a893ea,0,0,0.0,0.0,0.0,0,0,wrong_neutral,wrong_neutral,5,3
scibench,p_deda9b3767a893ea,1,0,0.0,0.0,0.0,0,0,wrong_neutral,wrong_neutral,5,3
scibench,p_deda9b3767a893ea,2,0,0.0,0.0,0.0,0,0,wrong_neutral,wrong_neutral,5,3
scibench,p_deda9b3767a893ea,3,0,0.0,0.0,0.0,0,0,wrong_neutral,wrong_neutral,5,3
scibench,p_deda9b3767a893ea,4,0,0.0,0.0,0.0,0,0,wrong_neutral,wrong_neutral,5,3
scibench,p_cc87a6267d4b325a,0,0,0.0,0.0,0.0,0,0,wrong_neutral,wrong_neutral,5,3
scibench,p_cc87a6267d4b325a,1,0,0.0,0.0,0.0,0,0,wrong_neutral,wrong_neutral,5,3
scibench,p_cc87a6267d4b325a,2,0,0.0,0.0,0.0,0,0,wrong_neutral,wrong_neutral,5,3
scibench,p_cc87a6267d4b325a,3,0,0.0,0.0,0.0,0,0,wrong_neutral,wrong_neutral,5,3
scibench,p_cc87a6267d4b325a,4,0,0.0,0.0,0.0,0,0,wrong_neutral,wrong_neutral,5,3
scibench,p_aa1fee6a9a096bfd,0,0,0.0,0.0,0.0,0,0,wrong_neutral,wrong_neutral,5,3
scibench,p_aa1fee6a9a096bfd,1,0,0.0,0.0,0.0,0,0,wrong_neutral,wrong_neutral,5,3
scibench,p_aa1fee6a9a096bfd,2,0,0.0,0.0,0.0,0,0,wrong_neutral,wrong_neutral,5,3
scibench,p_aa1fee6a9a096bfd,3,0,0.0,0.0,0.0,0,0,wrong_neutral,wrong_neutral,5,3
scibench,p_aa1fee6a9a096bfd,4,0,0.0,0.0,0.0,0,0,wrong_neutral,wrong_neutral,5,3
scibench,p_6e9a042406628075,0,0,0.4,0.66666667,0.26666667,1,1,wrong_helpful,wrong_helpful,5,3
scibench,p_6e9a042406628075,1,0,0.4,0.66666667,0.26666667,1,1,wrong_helpful,wrong_helpful,5,3
scibench,p_6e9a042406628075,2,0,-0.2,0.33333333,0.53333333,-1,1,wrong_harmful,wrong_helpful,5,3
scibench,p_6e9a042406628075,3,0,-0.2,0.33333333,0.53333333,-1,1,wrong_harmful,wrong_helpful,5,3
scibench,p_6e9a042406628075,4,0,0.0,0.0,0.0,0,0,wrong_neutral,wrong_neutral,5,3
scibench,p_c9903154029f927d,0,0,0.0,0.0,0.0,0,0,wrong_neutral,wrong_neutral,5,3
scibench,p_c9903154029f927d,1,0,0.0,0.0,0.0,0,0,wrong_neutral,wrong_neutral,5,3
scibench,p_c9903154029f927d,2,0,0.0,0.0,0.0,0,0,wrong_neutral,wrong_neutral,5,3
scibench,p_c9903154029f927d,3,0,0.0,0.0,0.0,0,0,wrong_neutral,wrong_neutral,5,3
scibench,p_c9903154029f927d,4,0,0.0,0.0,0.0,0,0,wrong_neutral,wrong_neutral,5,3
scibench,p_a876b2a58a1863aa,0,0,0.0,0.0,0.0,0,0,wrong_neutral,wrong_neutral,5,3
scibench,p_a876b2a58a1863aa,1,0,0.0,0.0,0.0,0,0,wrong_neutral,wrong_neutral,5,3
scibench,p_a876b2a58a1863aa,2,0,0.0,0.0,0.0,0,0,wrong_neutral,wrong_neutral,5,3
scibench,p_a876b2a58a1863aa,3,0,0.0,0.0,0.0,0,0,wrong_neutral,wrong_neutral,5,3
scibench,p_a876b2a58a1863aa,4,0,0.0,0.0,0.0,0,0,wrong_neutral,wrong_neutral,5,3
scibench,p_32d7eedf7f04b49c,0,1,0.4,0.33333333,-0.06666667,1,1,correct_helpful,correct_helpful,5,3
scibench,p_32d7eedf7f04b49c,1,1,0.0,0.0,0.0,0,0,correct_neutral,correct_neutral,5,3
scibench,p_32d7eedf7f04b49c,2,1,0.0,0.0,0.0,0,0,correct_neutral,correct_neutral,5,3
scibench,p_32d7eedf7f04b49c,3,1,0.0,0.0,0.0,0,0,correct_neutral,correct_neutral,5,3
scibench,p_32d7eedf7f04b49c,4,1,0.0,0.0,0.0,0,0,correct_neutral,correct_neutral,5,3
scibench,p_a2afacfe9b52daaf,0,0,0.0,0.0,0.0,0,0,wrong_neutral,wrong_neutral,4,3
scibench,p_a2afacfe9b52daaf,1,0,0.0,0.0,0.0,0,0,wrong_neutral,wrong_neutral,5,3
scibench,p_a2afacfe9b52daaf,2,0,0.0,0.0,0.0,0,0,wrong_neutral,wrong_neutral,5,3
scibench,p_a2afacfe9b52daaf,3,0,0.0,0.0,0.0,0,0,wrong_neutral,wrong_neutral,5,3
scibench,p_a2afacfe9b52daaf,4,0,0.0,0.0,0.0,0,0,wrong_neutral,wrong_neutral,5,3
scibench,p_b83a3ece7f2fd6ed,0,0,0.0,0.0,0.0,0,0,wrong_neutral,wrong_neutral,5,3
scibench,p_b83a3ece7f2fd6ed,1,0,0.0,0.0,0.0,0,0,wrong_neutral,wrong_neutral,5,3
scibench,p_b83a3ece7f2fd6ed,2,0,0.0,0.0,0.0,0,0,wrong_neutral,wrong_neutral,5,3
scibench,p_b83a3ece7f2fd6ed,3,0,0.0,0.0,0.0,0,0,wrong_neutral,wrong_neutral,5,3
scibench,p_b83a3ece7f2fd6ed,4,0,0.0,0.0,0.0,0,0,wrong_neutral,wrong_neutral,5,3
scibench,p_7914f52d35559d5a,0,1,0.0,0.0,0.0,0,0,correct_neutral,correct_neutral,5,3
scibench,p_7914f52d35559d5a,1,1,0.0,0.0,0.0,0,0,correct_neutral,correct_neutral,5,3
scibench,p_7914f52d35559d5a,2,1,0.0,0.0,0.0,0,0,correct_neutral,correct_neutral,5,3
scibench,p_7914f52d35559d5a,3,1,0.0,0.0,0.0,0,0,correct_neutral,correct_neutral,5,3
scibench,p_7914f52d35559d5a,4,0,0.0,0.0,0.0,0,0,wrong_neutral,wrong_neutral,5,3
scibench,p_4de832113c69d05a,0,0,-0.1,0.0,0.1,-1,0,wrong_harmful,wrong_neutral,5,3
scibench,p_4de832113c69d05a,1,0,-0.1,0.0,0.1,-1,0,wrong_harmful,wrong_neutral,5,3
scibench,p_4de832113c69d05a,2,0,0.1,0.33333333,0.23333333,1,1,wrong_helpful,wrong_helpful,5,3
scibench,p_4de832113c69d05a,3,0,-0.1,0.0,0.1,-1,0,wrong_harmful,wrong_neutral,5,3
scibench,p_4de832113c69d05a,4,0,-0.1,0.0,0.1,-1,0,wrong_harmful,wrong_neutral,5,3
scibench,p_ddf1b467c736ab3a,0,1,0.0,0.0,0.0,0,0,correct_neutral,correct_neutral,5,3
scibench,p_ddf1b467c736ab3a,1,0,0.0,0.0,0.0,0,0,wrong_neutral,wrong_neutral,5,3
scibench,p_ddf1b467c736ab3a,2,0,0.0,0.0,0.0,0,0,wrong_neutral,wrong_neutral,5,3
scibench,p_ddf1b467c736ab3a,3,1,0.0,0.0,0.0,0,0,correct_neutral,correct_neutral,5,3
scibench,p_ddf1b467c736ab3a,4,1,0.0,0.0,0.0,0,0,correct_neutral,correct_neutral,5,3
scibench,p_686ce7de7ac1b28c,0,0,0.0,0.0,0.0,0,0,wrong_neutral,wrong_neutral,5,3
scibench,p_686ce7de7ac1b28c,1,0,0.0,0.0,0.0,0,0,wrong_neutral,wrong_neutral,5,3
scibench,p_686ce7de7ac1b28c,2,0,0.0,0.0,0.0,0,0,wrong_neutral,wrong_neutral,5,3
scibench,p_686ce7de7ac1b28c,3,0,0.0,0.0,0.0,0,0,wrong_neutral,wrong_neutral,5,3
scibench,p_686ce7de7ac1b28c,4,0,0.0,0.0,0.0,0,0,wrong_neutral,wrong_neutral,5,3
scibench,p_5a31e1dfb11219a2,0,0,0.0,0.0,0.0,0,0,wrong_neutral,wrong_neutral,5,3
scibench,p_5a31e1dfb11219a2,1,0,0.0,0.0,0.0,0,0,wrong_neutral,wrong_neutral,5,3
scibench,p_5a31e1dfb11219a2,2,0,0.0,0.0,0.0,0,0,wrong_neutral,wrong_neutral,5,3
scibench,p_5a31e1dfb11219a2,3,0,0.0,0.0,0.0,0,0,wrong_neutral,wrong_neutral,5,3
scibench,p_5a31e1dfb11219a2,4,0,0.0,0.0,0.0,0,0,wrong_neutral,wrong_neutral,5,3
scibench,p_a584019f564c12d5,0,0,-0.2,0.0,0.2,-1,0,wrong_harmful,wrong_neutral,5,3
scibench,p_a584019f564c12d5,1,0,-0.2,0.0,0.2,-1,0,wrong_harmful,wrong_neutral,5,3
scibench,p_a584019f564c12d5,2,1,-0.2,0.0,0.2,-1,0,correct_harmful,correct_neutral,5,3
scibench,p_a584019f564c12d5,3,0,-0.2,0.0,0.2,-1,0,wrong_harmful,wrong_neutral,5,3
scibench,p_a584019f564c12d5,4,1,-0.2,0.0,0.2,-1,0,correct_harmful,correct_neutral,5,3
scibench,p_a76e861caa146852,0,1,0.0,0.0,0.0,0,0,correct_neutral,correct_neutral,5,3
scibench,p_a76e861caa146852,1,1,0.0,0.0,0.0,0,0,correct_neutral,correct_neutral,5,3
scibench,p_a76e861caa146852,2,0,0.0,0.0,0.0,0,0,wrong_neutral,wrong_neutral,5,3
scibench,p_a76e861caa146852,3,1,0.0,0.0,0.0,0,0,correct_neutral,correct_neutral,5,3
scibench,p_a76e861caa146852,4,1,0.0,0.0,0.0,0,0,correct_neutral,correct_neutral,5,3
scibench,p_23019a698d114141,0,0,0.0,0.0,0.0,0,0,wrong_neutral,wrong_neutral,5,3
scibench,p_23019a698d114141,1,0,0.0,0.0,0.0,0,0,wrong_neutral,wrong_neutral,5,3
scibench,p_23019a698d114141,2,0,0.0,0.0,0.0,0,0,wrong_neutral,wrong_neutral,5,3
scibench,p_23019a698d114141,3,0,0.0,0.0,0.0,0,0,wrong_neutral,wrong_neutral,5,3
scibench,p_23019a698d114141,4,0,0.0,0.0,0.0,0,0,wrong_neutral,wrong_neutral,5,3
scibench,p_ef2e19a022c2f650,0,1,0.0,0.0,0.0,0,0,correct_neutral,correct_neutral,5,3
scibench,p_ef2e19a022c2f650,1,0,0.0,0.0,0.0,0,0,wrong_neutral,wrong_neutral,5,3
scibench,p_ef2e19a022c2f650,2,1,0.0,0.0,0.0,0,0,correct_neutral,correct_neutral,5,3
scibench,p_ef2e19a022c2f650,3,1,0.0,0.0,0.0,0,0,correct_neutral,correct_neutral,5,3
scibench,p_ef2e19a022c2f650,4,0,0.0,0.0,0.0,0,0,wrong_neutral,wrong_neutral,5,3
scibench,p_07059db146af3c7e,0,0,0.0,0.0,0.0,0,0,wrong_neutral,wrong_neutral,5,3
scibench,p_07059db146af3c7e,1,0,0.0,0.0,0.0,0,0,wrong_neutral,wrong_neutral,5,3
scibench,p_07059db146af3c7e,2,1,0.0,0.0,0.0,0,0,correct_neutral,correct_neutral,5,3
scibench,p_07059db146af3c7e,3,0,0.0,0.0,0.0,0,0,wrong_neutral,wrong_neutral,5,3
scibench,p_07059db146af3c7e,4,1,0.0,0.0,0.0,0,0,correct_neutral,correct_neutral,5,3
scibench,p_4b7313b08a24d5c0,0,0,0.0,0.0,0.0,0,0,wrong_neutral,wrong_neutral,5,3
scibench,p_4b7313b08a24d5c0,1,0,0.0,0.0,0.0,0,0,wrong_neutral,wrong_neutral,5,3
scibench,p_4b7313b08a24d5c0,2,1,0.0,0.0,0.0,0,0,correct_neutral,correct_neutral,5,3
scibench,p_4b7313b08a24d5c0,3,0,0.0,0.0,0.0,0,0,wrong_neutral,wrong_neutral,5,3
scibench,p_4b7313b08a24d5c0,4,1,0.0,0.0,0.0,0,0,correct_neutral,correct_neutral,5,3
labbench,p_822c3d9184eee6a0,0,1,0.0,0.0,0.0,0,0,correct_neutral,correct_neutral,5,3
labbench,p_822c3d9184eee6a0,1,1,0.0,0.0,0.0,0,0,correct_neutral,correct_neutral,5,3
labbench,p_822c3d9184eee6a0,2,1,0.0,0.0,0.0,0,0,correct_neutral,correct_neutral,5,3
labbench,p_822c3d9184eee6a0,3,1,0.0,0.0,0.0,0,0,correct_neutral,correct_neutral,5,3
labbench,p_822c3d9184eee6a0,4,1,0.0,0.0,0.0,0,0,correct_neutral,correct_neutral,5,3
labbench,p_68fad3de90799127,0,0,0.0,0.0,0.0,0,0,wrong_neutral,wrong_neutral,5,3
labbench,p_68fad3de90799127,1,1,0.0,0.0,0.0,0,0,correct_neutral,correct_neutral,5,3
labbench,p_68fad3de90799127,2,0,0.0,0.0,0.0,0,0,wrong_neutral,wrong_neutral,5,3
labbench,p_68fad3de90799127,3,0,0.0,0.0,0.0,0,0,wrong_neutral,wrong_neutral,5,3
labbench,p_68fad3de90799127,4,0,0.0,0.0,0.0,0,0,wrong_neutral,wrong_neutral,5,3
labbench,p_fb85311bc03ada57,0,1,0.0,0.0,0.0,0,0,correct_neutral,correct_neutral,5,3
labbench,p_fb85311bc03ada57,1,1,0.0,0.0,0.0,0,0,correct_neutral,correct_neutral,5,3
labbench,p_fb85311bc03ada57,2,1,0.0,0.0,0.0,0,0,correct_neutral,correct_neutral,5,3
labbench,p_fb85311bc03ada57,3,1,0.0,0.0,0.0,0,0,correct_neutral,correct_neutral,5,3
labbench,p_fb85311bc03ada57,4,1,0.0,0.0,0.0,0,0,correct_neutral,correct_neutral,5,3
labbench,p_5b91ea5463d15462,0,1,0.0,0.0,0.0,0,0,correct_neutral,correct_neutral,5,3
labbench,p_5b91ea5463d15462,1,1,0.0,0.0,0.0,0,0,correct_neutral,correct_neutral,5,3
labbench,p_5b91ea5463d15462,2,1,0.0,0.0,0.0,0,0,correct_neutral,correct_neutral,5,3
labbench,p_5b91ea5463d15462,3,1,0.0,0.0,0.0,0,0,correct_neutral,correct_neutral,5,3
labbench,p_5b91ea5463d15462,4,1,0.0,0.0,0.0,0,0,correct_neutral,correct_neutral,5,3
labbench,p_6a54d870597a2164,0,1,0.0,0.0,0.0,0,0,correct_neutral,correct_neutral,5,3
labbench,p_6a54d870597a2164,1,1,0.0,0.0,0.0,0,0,correct_neutral,correct_neutral,5,3
labbench,p_6a54d870597a2164,2,1,0.0,0.0,0.0,0,0,correct_neutral,correct_neutral,5,3
labbench,p_6a54d870597a2164,3,1,0.0,0.0,0.0,0,0,correct_neutral,correct_neutral,5,3
labbench,p_6a54d870597a2164,4,1,0.0,0.0,0.0,0,0,correct_neutral,correct_neutral,5,3
labbench,p_35d5d9a55100bce8,0,1,0.0,0.0,0.0,0,0,correct_neutral,correct_neutral,5,3
labbench,p_35d5d9a55100bce8,1,1,0.0,0.0,0.0,0,0,correct_neutral,correct_neutral,5,3
labbench,p_35d5d9a55100bce8,2,1,0.0,0.0,0.0,0,0,correct_neutral,correct_neutral,5,3
labbench,p_35d5d9a55100bce8,3,1,0.0,0.0,0.0,0,0,correct_neutral,correct_neutral,5,3
labbench,p_35d5d9a55100bce8,4,1,0.0,0.0,0.0,0,0,correct_neutral,correct_neutral,5,3
labbench,p_564f7803a18a217b,0,1,0.0,0.0,0.0,0,0,correct_neutral,correct_neutral,5,3
labbench,p_564f7803a18a217b,1,1,0.0,0.0,0.0,0,0,correct_neutral,correct_neutral,5,3
labbench,p_564f7803a18a217b,2,1,0.0,0.0,0.0,0,0,correct_neutral,correct_neutral,5,3
labbench,p_564f7803a18a217b,3,1,0.0,0.0,0.0,0,0,correct_neutral,correct_neutral,5,3
labbench,p_564f7803a18a217b,4,1,0.0,0.0,0.0,0,0,correct_neutral,correct_neutral,5,3
labbench,p_f0010053bd2c5ae8,0,1,0.0,0.0,0.0,0,0,correct_neutral,correct_neutral,5,3
labbench,p_f0010053bd2c5ae8,1,1,0.0,0.0,0.0,0,0,correct_neutral,correct_neutral,5,3
labbench,p_f0010053bd2c5ae8,2,1,0.0,0.0,0.0,0,0,correct_neutral,correct_neutral,5,3
labbench,p_f0010053bd2c5ae8,3,1,0.0,0.0,0.0,0,0,correct_neutral,correct_neutral,5,3
labbench,p_f0010053bd2c5ae8,4,1,0.0,0.0,0.0,0,0,correct_neutral,correct_neutral,5,3
labbench,p_ecff3b8acccc8e47,0,1,0.0,0.0,0.0,0,0,correct_neutral,correct_neutral,5,3
labbench,p_ecff3b8acccc8e47,1,1,0.0,0.0,0.0,0,0,correct_neutral,correct_neutral,5,3
labbench,p_ecff3b8acccc8e47,2,1,0.0,0.0,0.0,0,0,correct_neutral,correct_neutral,5,3
labbench,p_ecff3b8acccc8e47,3,1,0.0,0.0,0.0,0,0,correct_neutral,correct_neutral,5,3
labbench,p_ecff3b8acccc8e47,4,1,0.0,0.0,0.0,0,0,correct_neutral,correct_neutral,5,3
labbench,p_f4affd0f75f5063e,0,1,0.0,0.0,0.0,0,0,correct_neutral,correct_neutral,5,3
labbench,p_f4affd0f75f5063e,1,1,0.0,0.0,0.0,0,0,correct_neutral,correct_neutral,5,3
labbench,p_f4affd0f75f5063e,2,1,0.2,0.0,-0.2,1,0,correct_helpful,correct_neutral,5,3
labbench,p_f4affd0f75f5063e,3,1,0.0,0.0,0.0,0,0,correct_neutral,correct_neutral,5,3
labbench,p_f4affd0f75f5063e,4,1,0.0,0.0,0.0,0,0,correct_neutral,correct_neutral,5,3
labbench,p_80cd22f98e58c0b1,0,1,0.0,0.0,0.0,0,0,correct_neutral,correct_neutral,5,3
labbench,p_80cd22f98e58c0b1,1,1,0.0,0.0,0.0,0,0,correct_neutral,correct_neutral,5,3
labbench,p_80cd22f98e58c0b1,2,1,0.0,0.0,0.0,0,0,correct_neutral,correct_neutral,5,3
labbench,p_80cd22f98e58c0b1,3,1,0.0,0.0,0.0,0,0,correct_neutral,correct_neutral,5,3
labbench,p_80cd22f98e58c0b1,4,1,0.0,0.0,0.0,0,0,correct_neutral,correct_neutral,5,3
labbench,p_f568333887a36e59,0,1,0.0,0.0,0.0,0,0,correct_neutral,correct_neutral,5,3
labbench,p_f568333887a36e59,1,1,0.0,0.0,0.0,0,0,correct_neutral,correct_neutral,5,3
labbench,p_f568333887a36e59,2,1,0.0,0.0,0.0,0,0,correct_neutral,correct_neutral,5,3
labbench,p_f568333887a36e59,3,1,0.0,0.0,0.0,0,0,correct_neutral,correct_neutral,5,3
labbench,p_f568333887a36e59,4,1,0.0,0.0,0.0,0,0,correct_neutral,correct_neutral,5,3
labbench,p_62778d3a01535b4e,0,1,0.0,0.0,0.0,0,0,correct_neutral,correct_neutral,5,3
labbench,p_62778d3a01535b4e,1,1,0.0,0.0,0.0,0,0,correct_neutral,correct_neutral,5,3
labbench,p_62778d3a01535b4e,2,1,0.0,0.0,0.0,0,0,correct_neutral,correct_neutral,5,3
labbench,p_62778d3a01535b4e,3,1,0.0,0.0,0.0,0,0,correct_neutral,correct_neutral,5,3
labbench,p_62778d3a01535b4e,4,1,0.0,0.0,0.0,0,0,correct_neutral,correct_neutral,5,3
labbench,p_9947a21beff513bd,0,1,0.0,0.0,0.0,0,0,correct_neutral,correct_neutral,5,3
labbench,p_9947a21beff513bd,1,1,0.0,0.0,0.0,0,0,correct_neutral,correct_neutral,5,3
labbench,p_9947a21beff513bd,2,1,0.0,0.0,0.0,0,0,correct_neutral,correct_neutral,5,3
labbench,p_9947a21beff513bd,3,1,0.0,0.0,0.0,0,0,correct_neutral,correct_neutral,5,3
labbench,p_9947a21beff513bd,4,1,0.0,0.0,0.0,0,0,correct_neutral,correct_neutral,5,3
labbench,p_3f49c4110fc354b6,0,1,0.0,0.0,0.0,0,0,correct_neutral,correct_neutral,5,3
labbench,p_3f49c4110fc354b6,1,1,0.0,0.0,0.0,0,0,correct_neutral,correct_neutral,5,3
labbench,p_3f49c4110fc354b6,2,1,0.0,0.0,0.0,0,0,correct_neutral,correct_neutral,5,3
labbench,p_3f49c4110fc354b6,3,1,0.0,0.0,0.0,0,0,correct_neutral,correct_neutral,5,3
labbench,p_3f49c4110fc354b6,4,1,0.0,0.0,0.0,0,0,correct_neutral,correct_neutral,5,3
labbench,p_79e14ca5a4fe6681,0,1,0.0,0.0,0.0,0,0,correct_neutral,correct_neutral,5,3
labbench,p_79e14ca5a4fe6681,1,1,0.0,0.0,0.0,0,0,correct_neutral,correct_neutral,5,3
labbench,p_79e14ca5a4fe6681,2,1,0.0,0.0,0.0,0,0,correct_neutral,correct_neutral,5,3
labbench,p_79e14ca5a4fe6681,3,1,0.0,0.0,0.0,0,0,correct_neutral,correct_neutral,5,3
labbench,p_79e14ca5a4fe6681,4,1,0.0,0.0,0.0,0,0,correct_neutral,correct_neutral,5,3
labbench,p_3da25eacef2b3adf,0,1,0.0,0.0,0.0,0,0,correct_neutral,correct_neutral,5,3
labbench,p_3da25eacef2b3adf,1,1,0.0,0.0,0.0,0,0,correct_neutral,correct_neutral,5,3
labbench,p_3da25eacef2b3adf,2,1,0.0,0.0,0.0,0,0,correct_neutral,correct_neutral,5,3
labbench,p_3da25eacef2b3adf,3,1,0.0,0.33333333,0.33333333,0,1,correct_neutral,correct_helpful,5,3
labbench,p_3da25eacef2b3adf,4,1,0.0,0.0,0.0,0,0,correct_neutral,correct_neutral,5,3
labbench,p_9923ac6a6c9b27d0,0,1,0.0,0.0,0.0,0,0,correct_neutral,correct_neutral,5,3
labbench,p_9923ac6a6c9b27d0,1,1,0.0,0.0,0.0,0,0,correct_neutral,correct_neutral,5,3
labbench,p_9923ac6a6c9b27d0,2,1,0.0,0.0,0.0,0,0,correct_neutral,correct_neutral,5,3
labbench,p_9923ac6a6c9b27d0,3,1,0.0,0.0,0.0,0,0,correct_neutral,correct_neutral,5,3
labbench,p_9923ac6a6c9b27d0,4,1,0.0,0.0,0.0,0,0,correct_neutral,correct_neutral,5,3
labbench,p_cab475fac5e27579,0,1,0.0,0.0,0.0,0,0,correct_neutral,correct_neutral,5,3
labbench,p_cab475fac5e27579,1,1,0.0,0.0,0.0,0,0,correct_neutral,correct_neutral,5,3
labbench,p_cab475fac5e27579,2,1,0.0,0.0,0.0,0,0,correct_neutral,correct_neutral,5,3
labbench,p_cab475fac5e27579,3,1,0.0,0.0,0.0,0,0,correct_neutral,correct_neutral,5,3
labbench,p_cab475fac5e27579,4,1,0.0,0.0,0.0,0,0,correct_neutral,correct_neutral,5,3
labbench,p_7e5a727640648d6e,0,0,0.0,0.0,0.0,0,0,wrong_neutral,wrong_neutral,5,3
labbench,p_7e5a727640648d6e,1,1,0.0,0.0,0.0,0,0,correct_neutral,correct_neutral,5,3
labbench,p_7e5a727640648d6e,2,0,0.0,0.0,0.0,0,0,wrong_neutral,wrong_neutral,5,3
labbench,p_7e5a727640648d6e,3,1,0.8,1.0,0.2,1,1,correct_helpful,correct_helpful,5,3
labbench,p_7e5a727640648d6e,4,0,0.0,0.0,0.0,0,0,wrong_neutral,wrong_neutral,5,3
mascqa,p_5c9405f4f7413d6b,0,0,0.0,0.0,0.0,0,0,wrong_neutral,wrong_neutral,5,3
mascqa,p_5c9405f4f7413d6b,1,0,0.0,0.0,0.0,0,0,wrong_neutral,wrong_neutral,5,3
mascqa,p_5c9405f4f7413d6b,2,0,0.0,0.0,0.0,0,0,wrong_neutral,wrong_neutral,5,3
mascqa,p_5c9405f4f7413d6b,3,0,0.0,0.0,0.0,0,0,wrong_neutral,wrong_neutral,5,3
mascqa,p_5c9405f4f7413d6b,4,0,0.0,0.0,0.0,0,0,wrong_neutral,wrong_neutral,5,3
mascqa,p_a51a066eee616e2c,0,1,0.0,0.0,0.0,0,0,correct_neutral,correct_neutral,5,3
mascqa,p_a51a066eee616e2c,1,1,0.0,0.0,0.0,0,0,correct_neutral,correct_neutral,5,3
mascqa,p_a51a066eee616e2c,2,1,0.0,0.0,0.0,0,0,correct_neutral,correct_neutral,5,3
mascqa,p_a51a066eee616e2c,3,1,0.0,0.0,0.0,0,0,correct_neutral,correct_neutral,5,3
mascqa,p_a51a066eee616e2c,4,1,0.0,0.0,0.0,0,0,correct_neutral,correct_neutral,5,3
mascqa,p_4f51ea0e25df8dd1,0,1,0.0,0.0,0.0,0,0,correct_neutral,correct_neutral,5,3
mascqa,p_4f51ea0e25df8dd1,1,0,0.0,0.0,0.0,0,0,wrong_neutral,wrong_neutral,5,3
mascqa,p_4f51ea0e25df8dd1,2,1,0.0,0.0,0.0,0,0,correct_neutral,correct_neutral,5,3
mascqa,p_4f51ea0e25df8dd1,3,0,0.0,0.0,0.0,0,0,wrong_neutral,wrong_neutral,5,3
mascqa,p_4f51ea0e25df8dd1,4,1,0.0,0.0,0.0,0,0,correct_neutral,correct_neutral,5,3
mascqa,p_d5676342ddf02443,0,0,0.1,0.33333333,0.23333333,1,1,wrong_helpful,wrong_helpful,5,3
mascqa,p_d5676342ddf02443,1,0,-0.1,0.0,0.1,-1,0,wrong_harmful,wrong_neutral,5,3
mascqa,p_d5676342ddf02443,2,0,-0.1,0.0,0.1,-1,0,wrong_harmful,wrong_neutral,5,3
mascqa,p_d5676342ddf02443,3,0,-0.1,0.0,0.1,-1,0,wrong_harmful,wrong_neutral,5,3
mascqa,p_d5676342ddf02443,4,0,-0.1,0.0,0.1,-1,0,wrong_harmful,wrong_neutral,5,3
mascqa,p_0d3911a5c40d9b2b,0,1,0.0,0.0,0.0,0,0,correct_neutral,correct_neutral,5,3
mascqa,p_0d3911a5c40d9b2b,1,1,0.0,0.0,0.0,0,0,correct_neutral,correct_neutral,5,3
mascqa,p_0d3911a5c40d9b2b,2,1,0.0,0.0,0.0,0,0,correct_neutral,correct_neutral,5,3
mascqa,p_0d3911a5c40d9b2b,3,1,0.0,0.0,0.0,0,0,correct_neutral,correct_neutral,5,3
mascqa,p_0d3911a5c40d9b2b,4,1,0.0,0.0,0.0,0,0,correct_neutral,correct_neutral,5,3
mascqa,p_3fa3ffc3831e877d,0,0,-1.0,-1.0,0.0,-1,-1,wrong_harmful,wrong_harmful,5,3
mascqa,p_3fa3ffc3831e877d,1,0,-1.0,-1.0,0.0,-1,-1,wrong_harmful,wrong_harmful,5,3
mascqa,p_3fa3ffc3831e877d,2,0,0.0,0.0,0.0,0,0,wrong_neutral,wrong_neutral,5,3
mascqa,p_3fa3ffc3831e877d,3,1,0.0,0.0,0.0,0,0,correct_neutral,correct_neutral,5,3
mascqa,p_3fa3ffc3831e877d,4,1,0.0,0.0,0.0,0,0,correct_neutral,correct_neutral,5,3
mascqa,p_c659fd2c3ce2d23f,0,1,0.0,0.0,0.0,0,0,correct_neutral,correct_neutral,5,3
mascqa,p_c659fd2c3ce2d23f,1,1,0.0,0.0,0.0,0,0,correct_neutral,correct_neutral,5,3
mascqa,p_c659fd2c3ce2d23f,2,1,0.0,0.0,0.0,0,0,correct_neutral,correct_neutral,5,3
mascqa,p_c659fd2c3ce2d23f,3,1,0.0,0.0,0.0,0,0,correct_neutral,correct_neutral,5,3
mascqa,p_c659fd2c3ce2d23f,4,1,0.0,0.0,0.0,0,0,correct_neutral,correct_neutral,5,3
mascqa,p_7d2bd764467c7a37,0,1,0.0,0.0,0.0,0,0,correct_neutral,correct_neutral,5,3
mascqa,p_7d2bd764467c7a37,1,0,0.0,0.0,0.0,0,0,wrong_neutral,wrong_neutral,5,3
mascqa,p_7d2bd764467c7a37,2,1,0.0,0.0,0.0,0,0,correct_neutral,correct_neutral,5,3
mascqa,p_7d2bd764467c7a37,3,0,0.0,0.0,0.0,0,0,wrong_neutral,wrong_neutral,5,3
mascqa,p_7d2bd764467c7a37,4,0,0.0,0.0,0.0,0,0,wrong_neutral,wrong_neutral,5,3
mascqa,p_b4aaad08dbcd4ecd,0,0,0.0,-0.16666667,-0.16666667,0,-1,wrong_neutral,wrong_harmful,5,3
mascqa,p_b4aaad08dbcd4ecd,1,0,0.0,-0.16666667,-0.16666667,0,-1,wrong_neutral,wrong_harmful,5,3
mascqa,p_b4aaad08dbcd4ecd,2,0,0.0,-0.16666667,-0.16666667,0,-1,wrong_neutral,wrong_harmful,5,3
mascqa,p_b4aaad08dbcd4ecd,3,0,0.0,-0.16666667,-0.16666667,0,-1,wrong_neutral,wrong_harmful,5,3
mascqa,p_b4aaad08dbcd4ecd,4,0,0.0,-0.16666667,-0.16666667,0,-1,wrong_neutral,wrong_harmful,5,3
mascqa,p_f98bcaab902b0f89,0,1,0.0,0.0,0.0,0,0,correct_neutral,correct_neutral,5,3
mascqa,p_f98bcaab902b0f89,1,1,0.0,0.0,0.0,0,0,correct_neutral,correct_neutral,5,3
mascqa,p_f98bcaab902b0f89,2,1,0.0,0.0,0.0,0,0,correct_neutral,correct_neutral,5,3
mascqa,p_f98bcaab902b0f89,3,1,0.0,0.0,0.0,0,0,correct_neutral,correct_neutral,5,3
mascqa,p_f98bcaab902b0f89,4,1,0.0,0.0,0.0,0,0,correct_neutral,correct_neutral,5,3
mascqa,p_4dd1f7b222fd061a,0,0,0.0,0.0,0.0,0,0,wrong_neutral,wrong_neutral,5,3
mascqa,p_4dd1f7b222fd061a,1,0,0.0,0.0,0.0,0,0,wrong_neutral,wrong_neutral,5,3
mascqa,p_4dd1f7b222fd061a,2,1,0.0,0.0,0.0,0,0,correct_neutral,correct_neutral,5,3
mascqa,p_4dd1f7b222fd061a,3,0,0.0,0.0,0.0,0,0,wrong_neutral,wrong_neutral,5,3
mascqa,p_4dd1f7b222fd061a,4,0,0.0,0.0,0.0,0,0,wrong_neutral,wrong_neutral,5,3
mascqa,p_ea3690fdcbe7e7af,0,1,0.8,1.0,0.2,1,1,correct_helpful,correct_helpful,5,3
mascqa,p_ea3690fdcbe7e7af,1,0,0.0,0.0,0.0,0,0,wrong_neutral,wrong_neutral,5,3
mascqa,p_ea3690fdcbe7e7af,2,1,1.0,1.0,0.0,1,1,correct_helpful,correct_helpful,5,3
mascqa,p_ea3690fdcbe7e7af,3,0,0.0,0.0,0.0,0,0,wrong_neutral,wrong_neutral,5,3
mascqa,p_ea3690fdcbe7e7af,4,0,0.0,0.0,0.0,0,0,wrong_neutral,wrong_neutral,5,3
mascqa,p_2b67d30ad5457b87,0,0,0.0,0.0,0.0,0,0,wrong_neutral,wrong_neutral,5,3
mascqa,p_2b67d30ad5457b87,1,0,0.0,0.0,0.0,0,0,wrong_neutral,wrong_neutral,5,3
mascqa,p_2b67d30ad5457b87,2,0,0.0,0.0,0.0,0,0,wrong_neutral,wrong_neutral,5,3
mascqa,p_2b67d30ad5457b87,3,0,0.0,0.0,0.0,0,0,wrong_neutral,wrong_neutral,5,3
mascqa,p_2b67d30ad5457b87,4,0,0.0,0.0,0.0,0,0,wrong_neutral,wrong_neutral,5,3
mascqa,p_1d01e2a42c5035a7,0,0,0.0,0.0,0.0,0,0,wrong_neutral,wrong_neutral,5,3
mascqa,p_1d01e2a42c5035a7,1,0,0.0,0.0,0.0,0,0,wrong_neutral,wrong_neutral,5,3
mascqa,p_1d01e2a42c5035a7,2,0,0.0,0.0,0.0,0,0,wrong_neutral,wrong_neutral,5,3
mascqa,p_1d01e2a42c5035a7,3,0,0.0,0.0,0.0,0,0,wrong_neutral,wrong_neutral,5,3
mascqa,p_1d01e2a42c5035a7,4,0,0.0,0.0,0.0,0,0,wrong_neutral,wrong_neutral,5,3
mascqa,p_5a2080676044ca81,0,1,0.0,0.0,0.0,0,0,correct_neutral,correct_neutral,5,3
mascqa,p_5a2080676044ca81,1,1,0.0,0.0,0.0,0,0,correct_neutral,correct_neutral,5,3
mascqa,p_5a2080676044ca81,2,1,0.0,0.0,0.0,0,0,correct_neutral,correct_neutral,5,3
mascqa,p_5a2080676044ca81,3,1,0.0,0.0,0.0,0,0,correct_neutral,correct_neutral,5,3
mascqa,p_5a2080676044ca81,4,1,0.0,0.0,0.0,0,0,correct_neutral,correct_neutral,5,3
mascqa,p_1356260029636314,0,1,0.0,0.0,0.0,0,0,correct_neutral,correct_neutral,5,3
mascqa,p_1356260029636314,1,1,0.0,0.0,0.0,0,0,correct_neutral,correct_neutral,5,3
mascqa,p_1356260029636314,2,1,0.0,0.0,0.0,0,0,correct_neutral,correct_neutral,5,3
mascqa,p_1356260029636314,3,1,0.0,0.0,0.0,0,0,correct_neutral,correct_neutral,5,3
mascqa,p_1356260029636314,4,1,0.0,0.0,0.0,0,0,correct_neutral,correct_neutral,5,3
mascqa,p_26062deb955daa44,0,1,0.0,0.0,0.0,0,0,correct_neutral,correct_neutral,5,3
mascqa,p_26062deb955daa44,1,1,0.0,0.0,0.0,0,0,correct_neutral,correct_neutral,5,3
mascqa,p_26062deb955daa44,2,1,0.0,0.0,0.0,0,0,correct_neutral,correct_neutral,5,3
mascqa,p_26062deb955daa44,3,1,0.0,0.0,0.0,0,0,correct_neutral,correct_neutral,5,3
mascqa,p_26062deb955daa44,4,1,0.0,0.0,0.0,0,0,correct_neutral,correct_neutral,5,3
mascqa,p_807b5bf346e65239,0,0,0.0,0.0,0.0,0,0,wrong_neutral,wrong_neutral,5,3
mascqa,p_807b5bf346e65239,1,0,0.0,0.0,0.0,0,0,wrong_neutral,wrong_neutral,5,3
mascqa,p_807b5bf346e65239,2,1,0.0,0.0,0.0,0,0,correct_neutral,correct_neutral,5,3
mascqa,p_807b5bf346e65239,3,0,0.0,0.0,0.0,0,0,wrong_neutral,wrong_neutral,5,3
mascqa,p_807b5bf346e65239,4,0,0.0,0.0,0.0,0,0,wrong_neutral,wrong_neutral,5,3
mascqa,p_54b47326b8a7ed95,0,1,0.0,0.0,0.0,0,0,correct_neutral,correct_neutral,5,3
mascqa,p_54b47326b8a7ed95,1,0,0.0,0.0,0.0,0,0,wrong_neutral,wrong_neutral,5,3
mascqa,p_54b47326b8a7ed95,2,1,0.0,0.0,0.0,0,0,correct_neutral,correct_neutral,5,3
mascqa,p_54b47326b8a7ed95,3,0,0.0,0.0,0.0,0,0,wrong_neutral,wrong_neutral,5,3
mascqa,p_54b47326b8a7ed95,4,1,0.0,0.0,0.0,0,0,correct_neutral,correct_neutral,5,3
mascqa,p_05174aadc13c5379,0,0,-1.0,-1.0,0.0,-1,-1,wrong_harmful,wrong_harmful,5,3
mascqa,p_05174aadc13c5379,1,0,0.0,0.0,0.0,0,0,wrong_neutral,wrong_neutral,5,3
mascqa,p_05174aadc13c5379,2,0,0.0,0.0,0.0,0,0,wrong_neutral,wrong_neutral,5,3
mascqa,p_05174aadc13c5379,3,0,0.0,0.0,0.0,0,0,wrong_neutral,wrong_neutral,5,3
mascqa,p_05174aadc13c5379,4,0,0.0,0.0,0.0,0,0,wrong_neutral,wrong_neutral,5,3
